Date ,Month,Year,keyword,rising
01/01/2012,Jan,2012,saucy fish,13.5
01/01/2012,Jan,2012,saucy fish co,11
01/01/2012,Jan,2012,saucy fish company,10
01/01/2012,Jan,2012,fish husbandry,6
01/01/2012,Jan,2012,healthy fish recipes,2
01/01/2012,Jan,2012,fish for homes,1.4
01/01/2012,Jan,2012,plent of fish,1.4
01/01/2012,Jan,2012,reel big fish,1.2
01/01/2012,Jan,2012,easy fish pie,1.1
01/01/2012,Jan,2012,fish chowder,1.1
01/01/2012,Jan,2012,tuna fish,1.1
01/01/2012,Jan,2012,goliath tiger fish,1
01/01/2012,Jan,2012,fish 4 cars,0.9
01/01/2012,Jan,2012,marine traffic,0.9
01/01/2012,Jan,2012,thai fish curry,0.9
01/01/2012,Jan,2012,fish curry,0.8
01/01/2012,Jan,2012,rhiannon fish,0.8
01/01/2012,Jan,2012,babble fish,0.8
01/01/2012,Jan,2012,basa fish,0.8
01/01/2012,Jan,2012,fish for jobs,0.8
01/01/2012,Jan,2012,fish curry recipe,0.7
01/01/2012,Jan,2012,match.com,0.7
01/01/2012,Jan,2012,fish cakes,0.7
01/01/2012,Jan,2012,fish batter,0.7
01/01/2012,Jan,2012,fish tay,0.7
01/02/2012,Feb,2012,lincoln lewis,16.5
01/02/2012,Feb,2012,african food fish,12
01/02/2012,Feb,2012,plentyoffish.com,10.5
01/02/2012,Feb,2012,granadilla,7
01/02/2012,Feb,2012,kappa fish,3
01/02/2012,Feb,2012,wolf fish,2.5
01/02/2012,Feb,2012,uniformdating,1.9
01/02/2012,Feb,2012,goliath tiger fish,1.3
01/02/2012,Feb,2012,young fish,1.2
01/02/2012,Feb,2012,fish tech,0.9
01/02/2012,Feb,2012,monkey fish,0.8
01/02/2012,Feb,2012,fish tay,0.8
01/02/2012,Feb,2012,big fish games,0.6
01/02/2012,Feb,2012,angler fish,0.6
01/02/2012,Feb,2012,thai fish cakes,0.6
01/02/2012,Feb,2012,oily fish,0.5
01/02/2012,Feb,2012,albert fish,0.5
01/02/2012,Feb,2012,billingsgate fish market,0.4
01/02/2012,Feb,2012,batter for fish,0.4
01/02/2012,Feb,2012,fish plait,0.4
01/03/2012,Mar,2012,weaver fish,1
01/03/2012,Mar,2012,pink fish media,0.6
01/03/2012,Mar,2012,fish fight,0.5
01/03/2012,Mar,2012,fish pal,0.5
01/03/2012,Mar,2012,fish tech,0.4
01/03/2012,Mar,2012,plentyoffish.com,0.4
01/04/2012,Apr,2012,plently of fish,13.5
01/04/2012,Apr,2012,fish esks,13.5
01/04/2012,Apr,2012,fish tay catches,13
01/04/2012,Apr,2012,vampire fish,6
01/04/2012,Apr,2012,snakehead fish,4.5
01/04/2012,Apr,2012,one pound fish,2.5
01/04/2012,Apr,2012,fish soup recipe,1.9
01/04/2012,Apr,2012,1 pound fish,1.8
01/04/2012,Apr,2012,go fish rules,1.6
01/04/2012,Apr,2012,hawkhurst fish farm,1.1
01/04/2012,Apr,2012,reel big fish,1
01/04/2012,Apr,2012,fish tay,1
01/04/2012,Apr,2012,fish tyne,0.9
01/04/2012,Apr,2012,pleanty of fish,0.8
01/04/2012,Apr,2012,snap fish,0.7
01/04/2012,Apr,2012,match.com,0.7
01/04/2012,Apr,2012,plenty off fish,0.7
01/04/2012,Apr,2012,cheap fish tanks,0.6
01/04/2012,Apr,2012,pl,0.6
01/04/2012,Apr,2012,blob fish,0.5
01/04/2012,Apr,2012,goldfish,0.4
01/04/2012,Apr,2012,bigfish,0.4
01/05/2012,May,2012,fish spa banned,Breakout
01/05/2012,May,2012,fish on percussion,45
01/05/2012,May,2012,one pound fish,8.5
01/05/2012,May,2012,pink sofa,7.5
01/05/2012,May,2012,1 pound fish,4
01/05/2012,May,2012,fish tail plait,2
01/05/2012,May,2012,fish called wanda,1.7
01/05/2012,May,2012,ë£1 fish,1.7
01/05/2012,May,2012,fish spa,1.1
01/05/2012,May,2012,ë£1 fish man,1.1
01/05/2012,May,2012,albert fish,0.8
01/05/2012,May,2012,billingsgate fish market,0.7
01/05/2012,May,2012,bable fish,0.6
01/05/2012,May,2012,mandarin fish,0.6
01/05/2012,May,2012,pleanty of fish,0.6
01/05/2012,May,2012,michael fish,0.5
01/05/2012,May,2012,gar fish,0.5
01/05/2012,May,2012,sucker fish,0.5
01/06/2012,June,2012,runescape fish mask,Breakout
01/06/2012,June,2012,james ward,Breakout
01/06/2012,June,2012,mardy fish,13
01/06/2012,June,2012,fish mask,11
01/06/2012,June,2012,fish boy,5
01/06/2012,June,2012,fish flingers,5
01/06/2012,June,2012,fish pal,1.4
01/06/2012,June,2012,fish wrangler,1.3
01/06/2012,June,2012,wolf fish,1
01/06/2012,June,2012,fish batter recipe,1
01/06/2012,June,2012,siamese fighting fish,1
01/06/2012,June,2012,babel fish translator,0.8
01/06/2012,June,2012,babelfish,0.7
01/06/2012,June,2012,bigga fish,0.6
01/06/2012,June,2012,billy the fish,0.6
01/06/2012,June,2012,plentyof fish,0.5
01/06/2012,June,2012,snakehead fish,0.5
01/07/2012,July,2012,fish o mania,3.5
01/07/2012,July,2012,gamer fish,2.5
01/07/2012,July,2012,weaver fish,1.3
01/07/2012,July,2012,punky fish,1.1
01/07/2012,July,2012,regal fish,0.9
01/07/2012,July,2012,school of fish,0.8
01/07/2012,July,2012,plenty off fish,0.7
01/07/2012,July,2012,oasis dating,0.7
01/07/2012,July,2012,fish stew,0.7
01/07/2012,July,2012,bigga fish,0.6
01/07/2012,July,2012,weever fish,0.6
01/07/2012,July,2012,rhiannon fish,0.5
01/07/2012,July,2012,plenty o fish,0.5
01/07/2012,July,2012,fish jokes,0.5
01/07/2012,July,2012,bratz fish tank,0.5
01/07/2012,July,2012,uniformdating,0.4
01/07/2012,July,2012,fish4jobs,0.4
01/07/2012,July,2012,go fish rules,0.4
01/08/2012,Aug,2012,newquay fish festival,5
01/08/2012,Aug,2012,newlyn fish festival,2.5
01/08/2012,Aug,2012,fish with attitude,2
01/08/2012,Aug,2012,fish odour syndrome,1.8
01/08/2012,Aug,2012,fish tank kings,1.8
01/08/2012,Aug,2012,babel fish translator,1.3
01/08/2012,Aug,2012,pleasure beach,0.8
01/08/2012,Aug,2012,japanese fighting fish,0.8
01/08/2012,Aug,2012,weever fish,0.7
01/08/2012,Aug,2012,monk fish,0.6
01/08/2012,Aug,2012,plentyoffish.com,0.6
01/08/2012,Aug,2012,weaver fish,0.6
01/08/2012,Aug,2012,weever fish sting,0.5
01/08/2012,Aug,2012,tiger fish,0.5
01/08/2012,Aug,2012,oily fish,0.5
01/08/2012,Aug,2012,snap fish,0.4
01/08/2012,Aug,2012,albert fish,0.4
01/09/2012,Sep,2012,fish fellreed,13.5
01/09/2012,Sep,2012,fish tank kings,5.5
01/09/2012,Sep,2012,barreleye fish,4.5
01/09/2012,Sep,2012,blob fish,1.3
01/09/2012,Sep,2012,the rainbow fish,1.2
01/09/2012,Sep,2012,biorb fish tanks,1.2
01/09/2012,Sep,2012,one pound fish,1.1
01/09/2012,Sep,2012,pink fish media,0.8
01/09/2012,Sep,2012,fish odour syndrome,0.8
01/09/2012,Sep,2012,snakehead fish,0.7
01/09/2012,Sep,2012,michael fish,0.7
01/09/2012,Sep,2012,cartoon fish,0.6
01/09/2012,Sep,2012,beer battered fish,0.6
01/09/2012,Sep,2012,dolphin fish,0.6
01/09/2012,Sep,2012,rainbow fish,0.6
01/09/2012,Sep,2012,angler fish,0.5
01/09/2012,Sep,2012,fish dishes,0.5
01/09/2012,Sep,2012,weird fish clothing,0.5
01/09/2012,Sep,2012,fish with attitude,0.5
01/09/2012,Sep,2012,plent of fish,0.5
01/09/2012,Sep,2012,tuna fish,0.5
01/09/2012,Sep,2012,regal fish,0.4
01/09/2012,Sep,2012,fish 4 homes,0.4
01/10/2012,Oct,2012,zander fish,2
01/10/2012,Oct,2012,saucy fish company,2
01/10/2012,Oct,2012,fish stew,1.1
01/10/2012,Oct,2012,vampire fish,1
01/10/2012,Oct,2012,uniform dating,1
01/10/2012,Oct,2012,fish tank ornaments,0.8
01/10/2012,Oct,2012,tuna fish cakes,0.8
01/10/2012,Oct,2012,fish works,0.7
01/10/2012,Oct,2012,anstruther fish bar,0.7
01/10/2012,Oct,2012,dolphin fish,0.7
01/10/2012,Oct,2012,ple,0.7
01/10/2012,Oct,2012,fish farming,0.6
01/10/2012,Oct,2012,school of fish,0.6
01/10/2012,Oct,2012,match.com,0.6
01/10/2012,Oct,2012,janet fish,0.6
01/10/2012,Oct,2012,fish pie sauce,0.6
01/10/2012,Oct,2012,salmon fish cakes,0.5
01/10/2012,Oct,2012,michael fish,0.5
01/10/2012,Oct,2012,panga fish,0.5
01/11/2012,Nov,2012,baboo,7
01/11/2012,Nov,2012,zander fish,7
01/11/2012,Nov,2012,plenty o fish,1.5
01/11/2012,Nov,2012,1 pound fish,1.4
01/11/2012,Nov,2012,pacu fish,1.2
01/11/2012,Nov,2012,one pound fish,0.9
01/11/2012,Nov,2012,pl,0.9
01/11/2012,Nov,2012,janet fish,0.9
01/11/2012,Nov,2012,fish chowder,0.8
01/11/2012,Nov,2012,plentyoffish.com,0.8
01/11/2012,Nov,2012,jamies fish pie,0.7
01/11/2012,Nov,2012,fish puns,0.7
01/11/2012,Nov,2012,koi fish tattoo,0.7
01/11/2012,Nov,2012,citizen fish,0.7
01/11/2012,Nov,2012,Î£1 fish,0.7
01/11/2012,Nov,2012,plent,0.6
01/11/2012,Nov,2012,mandarin fish,0.6
01/11/2012,Nov,2012,guppy fish,0.6
01/11/2012,Nov,2012,bable fish,0.6
01/11/2012,Nov,2012,pleanty of fish,0.5
01/11/2012,Nov,2012,fish or fishes,0.5
01/11/2012,Nov,2012,vampire fish,0.4
01/12/2012,Dec,2012,Î£1 fish,16.5
01/12/2012,Dec,2012,youtube Î£1 fish,15
01/12/2012,Dec,2012,Î£1 fish man,14.5
01/12/2012,Dec,2012,Î£1 pound fish,13.5
01/12/2012,Dec,2012,Î£1 fish song,9.5
01/12/2012,Dec,2012,1pound fish,9.5
01/12/2012,Dec,2012,one pound fish,9
01/12/2012,Dec,2012,1 pound fish,6.5
01/12/2012,Dec,2012,Î£1 fish lyrics,6.5
01/12/2012,Dec,2012,one pund fish,5
01/12/2012,Dec,2012,fish song,4
01/12/2012,Dec,2012,fish man,4
01/12/2012,Dec,2012,1Î£ fish,1.6
01/12/2012,Dec,2012,fish wrangler,1.3
01/12/2012,Dec,2012,smooch.com,0.6
01/12/2012,Dec,2012,wolf fish,0.6
01/12/2012,Dec,2012,wierd fish,0.6
01/12/2012,Dec,2012,fish tank ornaments,0.6
01/12/2012,Dec,2012,zoosk,0.5
01/01/2013,Jan,2013,giant king fish,Breakout
01/01/2013,Jan,2013,study of fish,Breakout
01/01/2013,Jan,2013,solomon fish,45.5
01/01/2013,Jan,2013,male donkey,35
01/01/2013,Jan,2013,fish roe dip,31.5
01/01/2013,Jan,2013,saucy fish co,15.5
01/01/2013,Jan,2013,saucy fish,10
01/01/2013,Jan,2013,salomon fish,9.5
01/01/2013,Jan,2013,jordan fish,9
01/01/2013,Jan,2013,saucy fish company,7
01/01/2013,Jan,2013,kingfish,4.5
01/01/2013,Jan,2013,healthy fish recipes,2.5
01/01/2013,Jan,2013,fish and pips,2.5
01/01/2013,Jan,2013,seven fish ringwood,2
01/01/2013,Jan,2013,hoki fish,1.7
01/01/2013,Jan,2013,tiger fish,1.6
01/01/2013,Jan,2013,fish tay,1.5
01/01/2013,Jan,2013,angler fish,1.5
01/01/2013,Jan,2013,evow,1.4
01/01/2013,Jan,2013,fish slice,1.4
01/01/2013,Jan,2013,basa fish,1.3
01/01/2013,Jan,2013,king fish,1
01/01/2013,Jan,2013,pleanty of fish,1
01/01/2013,Jan,2013,hag fish,0.9
01/01/2013,Jan,2013,devil fish,0.8
01/02/2013,Feb,2013,inconnu,24.5
01/02/2013,Feb,2013,colin fish,11
01/02/2013,Feb,2013,hugh fish fight,7
01/02/2013,Feb,2013,hughs fish fight,6
01/02/2013,Feb,2013,fish fight,5.5
01/02/2013,Feb,2013,ling fish,3
01/02/2013,Feb,2013,lets fish,2.5
01/02/2013,Feb,2013,big fish movie,2.5
01/02/2013,Feb,2013,wolf fish,1.3
01/02/2013,Feb,2013,elephant fish,1.3
01/02/2013,Feb,2013,jeremy fish,1
01/02/2013,Feb,2013,bigfish,0.8
01/02/2013,Feb,2013,pink fish,0.8
01/02/2013,Feb,2013,reel big fish,0.7
01/02/2013,Feb,2013,fish pictures,0.6
01/02/2013,Feb,2013,snapper fish,0.6
01/02/2013,Feb,2013,batter for fish,0.5
01/02/2013,Feb,2013,oscar fish,0.5
01/02/2013,Feb,2013,fish slice,0.5
01/02/2013,Feb,2013,basa fish,0.4
01/02/2013,Feb,2013,barreleye fish,0.4
01/02/2013,Feb,2013,thai fish cakes,0.4
01/02/2013,Feb,2013,fish batter,0.4
01/03/2013,Mar,2013,good friday fish,Breakout
01/03/2013,Mar,2013,bright tropical fish,7
01/03/2013,Mar,2013,robo fish,5
01/03/2013,Mar,2013,mardy fish,4
01/03/2013,Mar,2013,pisces,4
01/03/2013,Mar,2013,fish called wanda,4
01/03/2013,Mar,2013,john dory fish,3.5
01/03/2013,Mar,2013,ple,2
01/03/2013,Mar,2013,batter for fish,1.4
01/03/2013,Mar,2013,mexican walking fish,1.1
01/03/2013,Mar,2013,pl,1.1
01/03/2013,Mar,2013,gefilte fish,0.9
01/03/2013,Mar,2013,fish tank kings,0.8
01/03/2013,Mar,2013,parrot fish,0.8
01/03/2013,Mar,2013,fish tank film,0.8
01/03/2013,Mar,2013,fish plait,0.6
01/03/2013,Mar,2013,koi fish tattoo,0.6
01/03/2013,Mar,2013,fish brothers swindon,0.6
01/03/2013,Mar,2013,billingsgate fish market,0.6
01/03/2013,Mar,2013,fish pie recipe,0.5
01/03/2013,Mar,2013,stone fish,0.5
01/03/2013,Mar,2013,cold water fish,0.4
01/03/2013,Mar,2013,jelly fish,0.4
01/03/2013,Mar,2013,fish kettle,0.4
01/03/2013,Mar,2013,fish puns,0.4
01/04/2013,Apr,2013,robot fish,3.5
01/04/2013,Apr,2013,deep water fish,1.7
01/04/2013,Apr,2013,fish tay,1.5
01/04/2013,Apr,2013,pond fish,1.5
01/04/2013,Apr,2013,robo fish,1.1
01/04/2013,Apr,2013,cuttle fish,1.1
01/04/2013,Apr,2013,rhiannon fish,0.8
01/04/2013,Apr,2013,salmon fish cakes,0.8
01/04/2013,Apr,2013,wierd fish,0.8
01/04/2013,Apr,2013,fish ponds,0.7
01/04/2013,Apr,2013,phil fish,0.6
01/04/2013,Apr,2013,penis head fish,0.6
01/04/2013,Apr,2013,fish n chips,0.6
01/04/2013,Apr,2013,fish cake recipe,0.6
01/04/2013,Apr,2013,skate fish,0.5
01/04/2013,Apr,2013,1pound fish,0.5
01/04/2013,Apr,2013,koi fish,0.5
01/04/2013,Apr,2013,fish chowder,0.5
01/04/2013,Apr,2013,zoosk,0.5
01/05/2013,May,2013,snakehead fish,6
01/05/2013,May,2013,big fish movie,1.9
01/05/2013,May,2013,blue parrot fish,0.6
01/05/2013,May,2013,japanese fighting fish,0.6
01/05/2013,May,2013,angel fish,0.5
01/05/2013,May,2013,flying fish,0.5
01/05/2013,May,2013,monk fish,0.4
01/06/2013,June,2013,edible pacific fish,Breakout
01/06/2013,June,2013,fish ovaries,37.5
01/06/2013,June,2013,anstruther fish bar,3.5
01/06/2013,June,2013,mardy fish,2
01/06/2013,June,2013,folkestone fish festival,1.7
01/06/2013,June,2013,funny fish names,1
01/06/2013,June,2013,fish hooks,0.8
01/06/2013,June,2013,fish 4 dogs,0.8
01/06/2013,June,2013,pleanty of fish,0.7
01/06/2013,June,2013,fish curry recipe,0.7
01/06/2013,June,2013,do fish sleep,0.7
01/06/2013,June,2013,fish plait,0.7
01/06/2013,June,2013,maidenhead aquatics,0.7
01/06/2013,June,2013,cray fish,0.7
01/06/2013,June,2013,angler fish,0.7
01/06/2013,June,2013,weever fish,0.6
01/06/2013,June,2013,sturgeon fish,0.6
01/06/2013,June,2013,zoosk,0.5
01/06/2013,June,2013,fish text,0.5
01/06/2013,June,2013,okcupid,0.5
01/06/2013,June,2013,match,0.5
01/06/2013,June,2013,fish dating site,0.5
01/06/2013,June,2013,punky fish,0.5
01/06/2013,June,2013,swedish fish,0.5
01/06/2013,June,2013,pembrokeshire fish week,0.4
01/07/2013,July,2013,phil fish,6
01/07/2013,July,2013,weever fish,3.5
01/07/2013,July,2013,weaver fish,2.5
01/07/2013,July,2013,fish o mania,1.5
01/07/2013,July,2013,fish pedicure,1.2
01/07/2013,July,2013,albert fish,0.9
01/07/2013,July,2013,fish taco recipe,0.8
01/07/2013,July,2013,jelly fish,0.5
01/07/2013,July,2013,1 pound fish,0.5
01/07/2013,July,2013,big fish casino,0.4
01/08/2013,Aug,2013,testicle eating fish,26
01/08/2013,Aug,2013,oar fish,14
01/08/2013,Aug,2013,pacu fish,13.5
01/08/2013,Aug,2013,newlyn fish festival,9
01/08/2013,Aug,2013,robo fish argos,7.5
01/08/2013,Aug,2013,saucy fish co,7
01/08/2013,Aug,2013,herring like fish,6.5
01/08/2013,Aug,2013,dunas caleta club,6.5
01/08/2013,Aug,2013,robo fish uk,4.5
01/08/2013,Aug,2013,robo fish,4
01/08/2013,Aug,2013,robot fish,1.7
01/08/2013,Aug,2013,johnshaven fish festival,1.4
01/08/2013,Aug,2013,fish marillion,1.1
01/08/2013,Aug,2013,marine fish tanks,0.9
01/08/2013,Aug,2013,monk fish,0.9
01/08/2013,Aug,2013,cardboard fish,0.8
01/08/2013,Aug,2013,jordan fish,0.8
01/08/2013,Aug,2013,beer batter fish,0.7
01/08/2013,Aug,2013,thai fish cakes,0.6
01/08/2013,Aug,2013,salmon fish cakes,0.5
01/08/2013,Aug,2013,plentyof fish,0.5
01/08/2013,Aug,2013,betta fish,0.5
01/08/2013,Aug,2013,fish pie,0.5
01/08/2013,Aug,2013,match.com login,0.5
01/08/2013,Aug,2013,pollock fish,0.5
01/09/2013,Sep,2013,french fish stew,Breakout
01/09/2013,Sep,2013,french fish soup,10.5
01/09/2013,Sep,2013,blob fish,7.5
01/09/2013,Sep,2013,fish tank kings,4.5
01/09/2013,Sep,2013,fish finger sandwich,2.5
01/09/2013,Sep,2013,fish marillion,2.5
01/09/2013,Sep,2013,testicle eating fish,2.5
01/09/2013,Sep,2013,fish stew,1.6
01/09/2013,Sep,2013,galton blackiston,1.5
01/09/2013,Sep,2013,black dragon fish,1.4
01/09/2013,Sep,2013,fish stew recipe,1.3
01/09/2013,Sep,2013,pink fish media,1.2
01/09/2013,Sep,2013,pangasius fish,1
01/09/2013,Sep,2013,pleanty of fish,0.9
01/09/2013,Sep,2013,fish soup,0.9
01/09/2013,Sep,2013,tiger fish,0.8
01/09/2013,Sep,2013,fish tweed,0.7
01/09/2013,Sep,2013,robo fish,0.7
01/09/2013,Sep,2013,the rainbow fish,0.7
01/09/2013,Sep,2013,pink fish,0.6
01/09/2013,Sep,2013,pacu fish,0.6
01/09/2013,Sep,2013,dory fish,0.6
01/09/2013,Sep,2013,fish pie,0.6
01/09/2013,Sep,2013,fish brothers,0.6
01/09/2013,Sep,2013,samantha fish,0.6
01/10/2013,Oct,2013,michael fish 1987,Breakout
01/10/2013,Oct,2013,midshipman fish,39.5
01/10/2013,Oct,2013,oar fish,28.5
01/10/2013,Oct,2013,ore fish,7.5
01/10/2013,Oct,2013,floyd on fish,6
01/10/2013,Oct,2013,michael fish,3.5
01/10/2013,Oct,2013,micheal fish,3
01/10/2013,Oct,2013,michael fish weatherman,2.5
01/10/2013,Oct,2013,babel fish translate,1.5
01/10/2013,Oct,2013,cardboardfish fish messaging,1.4
01/10/2013,Oct,2013,gandolfi fish,1.2
01/10/2013,Oct,2013,rhiannon fish,1
01/10/2013,Oct,2013,fish called geoff,1
01/10/2013,Oct,2013,fish tyne,1
01/10/2013,Oct,2013,robot fish,0.9
01/10/2013,Oct,2013,monk fish,0.7
01/10/2013,Oct,2013,peterhead fish market,0.7
01/10/2013,Oct,2013,black dragon fish,0.6
01/10/2013,Oct,2013,can fish drown,0.6
01/10/2013,Oct,2013,biorb fish tank,0.6
01/10/2013,Oct,2013,billingsgate fish market,0.5
01/10/2013,Oct,2013,babel fish,0.5
01/10/2013,Oct,2013,naughty fish,0.5
01/11/2013,Nov,2013,3 fish roast,Breakout
01/11/2013,Nov,2013,robo fish bowl,5
01/11/2013,Nov,2013,robotic fish,3.5
01/11/2013,Nov,2013,robo fish toy,2.5
01/11/2013,Nov,2013,hexbug fish,1.5
01/11/2013,Nov,2013,robo fish,1.4
01/11/2013,Nov,2013,babel fish translate,1.3
01/11/2013,Nov,2013,snap fish,1
01/11/2013,Nov,2013,pangasius fish,0.9
01/11/2013,Nov,2013,toy fish,0.8
01/11/2013,Nov,2013,anstruther fish bar,0.7
01/11/2013,Nov,2013,phil fish,0.7
01/11/2013,Nov,2013,juwel fish tanks,0.7
01/11/2013,Nov,2013,grouper fish,0.7
01/11/2013,Nov,2013,fish jokes,0.7
01/11/2013,Nov,2013,dorado fish,0.6
01/11/2013,Nov,2013,fish called geoff,0.6
01/11/2013,Nov,2013,robot fish toy,0.6
01/11/2013,Nov,2013,batter for fish,0.5
01/11/2013,Nov,2013,fish pie bbc,0.5
01/11/2013,Nov,2013,weird fish,0.5
01/11/2013,Nov,2013,robot fish,0.5
01/12/2013,Dec,2013,palometa fish,Breakout
01/12/2013,Dec,2013,spiny finned fish,Breakout
01/12/2013,Dec,2013,fish house punch,6.5
01/12/2013,Dec,2013,barreleye fish,2.5
01/12/2013,Dec,2013,go fish rules,1.3
01/12/2013,Dec,2013,fish smoker,1.3
01/12/2013,Dec,2013,fortune teller fish,1.3
01/12/2013,Dec,2013,dory fish,1.2
01/12/2013,Dec,2013,ugly fish,0.9
01/12/2013,Dec,2013,robofish,0.8
01/12/2013,Dec,2013,fish kettle,0.7
01/12/2013,Dec,2013,freshwater fish,0.7
01/12/2013,Dec,2013,luxury fish pie,0.6
01/12/2013,Dec,2013,dorado fish,0.6
01/12/2013,Dec,2013,weird fish sale,0.6
01/12/2013,Dec,2013,monk fish,0.6
01/12/2013,Dec,2013,bratz fish tank,0.5
01/12/2013,Dec,2013,phil fish,0.5
01/12/2013,Dec,2013,fish starters,0.5
01/01/2014,Jan,2014,saucy fish co,2.5
01/01/2014,Jan,2014,tuna fish cakes,1.9
01/01/2014,Jan,2014,basa fish,1.7
01/01/2014,Jan,2014,thai fish cakes,1.2
01/01/2014,Jan,2014,cod fish cakes,1.2
01/01/2014,Jan,2014,easy fish pie,1.2
01/01/2014,Jan,2014,fish puns,1.1
01/01/2014,Jan,2014,fish tay,1
01/01/2014,Jan,2014,thai fish curry,0.9
01/01/2014,Jan,2014,fish cakes recipe,0.9
01/01/2014,Jan,2014,oily fish list,0.9
01/01/2014,Jan,2014,fish for jobs,0.8
01/01/2014,Jan,2014,basa fish recipes,0.7
01/01/2014,Jan,2014,fish 4 jobs,0.7
01/01/2014,Jan,2014,reel big fish,0.7
01/01/2014,Jan,2014,fish pie recipe,0.6
01/01/2014,Jan,2014,oily fish,0.6
01/01/2014,Jan,2014,cod fish,0.6
01/01/2014,Jan,2014,fish curry recipe,0.6
01/01/2014,Jan,2014,fish cakes,0.6
01/01/2014,Jan,2014,gefilte fish,0.6
01/01/2014,Jan,2014,puffer fish,0.5
01/01/2014,Jan,2014,batter for fish,0.5
01/01/2014,Jan,2014,penis fish,0.5
01/01/2014,Jan,2014,fish curry,0.5
01/02/2014,Feb,2014,splashy fish,Breakout
01/02/2014,Feb,2014,splashy fish cheats,Breakout
01/02/2014,Feb,2014,flappy fish,Breakout
01/02/2014,Feb,2014,splashy fish cheat,33
01/02/2014,Feb,2014,ice jj fish,24.5
01/02/2014,Feb,2014,splash fish,3
01/02/2014,Feb,2014,billingsgate fish market,1.4
01/02/2014,Feb,2014,pleanty of fish,1.2
01/02/2014,Feb,2014,fish at 85,1.2
01/02/2014,Feb,2014,fish for thought,1.1
01/02/2014,Feb,2014,fish tweed,1.1
01/02/2014,Feb,2014,fish tank film,0.9
01/02/2014,Feb,2014,albert fish,0.9
01/02/2014,Feb,2014,pl,0.8
01/02/2014,Feb,2014,plenty o fish,0.7
01/02/2014,Feb,2014,fish with attitude,0.7
01/02/2014,Feb,2014,fish tanks uk,0.6
01/02/2014,Feb,2014,maidenhead aquatics,0.6
01/02/2014,Feb,2014,tropical fish tanks,0.6
01/02/2014,Feb,2014,swedish fish,0.5
01/02/2014,Feb,2014,fish dee,0.5
01/02/2014,Feb,2014,one pound fish,0.5
01/02/2014,Feb,2014,1 pound fish,0.5
01/02/2014,Feb,2014,fish restaurant london,0.5
01/02/2014,Feb,2014,reel big fish,0.5
01/03/2014,Mar,2014,pond fish,1.3
01/03/2014,Mar,2014,billingsgate fish market,1
01/03/2014,Mar,2014,the rainbow fish,1
01/03/2014,Mar,2014,fish fight,1
01/03/2014,Mar,2014,river cobbler fish,0.9
01/03/2014,Mar,2014,simply fish,0.7
01/03/2014,Mar,2014,grouper fish,0.7
01/03/2014,Mar,2014,puffer fish,0.7
01/03/2014,Mar,2014,parrot fish,0.6
01/03/2014,Mar,2014,fish tweed,0.5
01/03/2014,Mar,2014,cardboard fish,0.5
01/03/2014,Mar,2014,tropical fish forum,0.5
01/03/2014,Mar,2014,fish with attitude,0.4
01/03/2014,Mar,2014,angel fish,0.4
01/03/2014,Mar,2014,stone fish,0.4
01/04/2014,Apr,2014,plentyof fish,18
01/04/2014,Apr,2014,dorade fish,10.5
01/04/2014,Apr,2014,wierd fish,3.5
01/04/2014,Apr,2014,homemade fish fingers,2.5
01/04/2014,Apr,2014,lets fish,1.6
01/04/2014,Apr,2014,saw fish,1.3
01/04/2014,Apr,2014,peterhead fish market,1.3
01/04/2014,Apr,2014,fish pedicure,1
01/04/2014,Apr,2014,tropical fish forum,0.9
01/04/2014,Apr,2014,fish curry recipe,0.8
01/04/2014,Apr,2014,big fish movie,0.8
01/04/2014,Apr,2014,adult fish,0.6
01/04/2014,Apr,2014,mandarin fish,0.6
01/04/2014,Apr,2014,fish dee,0.6
01/04/2014,Apr,2014,fish pond,0.6
01/04/2014,Apr,2014,match.com,0.6
01/04/2014,Apr,2014,bratz fish tank,0.5
01/04/2014,Apr,2014,fish dishes,0.5
01/04/2014,Apr,2014,japanese fighting fish,0.5
01/04/2014,Apr,2014,beer batter fish,0.4
01/04/2014,Apr,2014,koi fish,0.4
01/04/2014,Apr,2014,fish tweed,0.4
01/04/2014,Apr,2014,fish odour syndrome,0.4
01/05/2014,May,2014,raining fish,6.5
01/05/2014,May,2014,monk fish,1.8
01/05/2014,May,2014,fish oil supplements,1.3
01/05/2014,May,2014,fish dee catches,1
01/05/2014,May,2014,stone fish,0.9
01/05/2014,May,2014,angler fish,0.8
01/05/2014,May,2014,one pound fish,0.7
01/05/2014,May,2014,biorb fish tank,0.6
01/05/2014,May,2014,the rainbow fish,0.6
01/05/2014,May,2014,jelly fish,0.6
01/05/2014,May,2014,reel big fish,0.5
01/05/2014,May,2014,salmon fish cakes,0.5
01/05/2014,May,2014,dory fish,0.5
01/06/2014,June,2014,fish eating spider,5
01/06/2014,June,2014,phil fish,3
01/06/2014,June,2014,regal fish supplies,2.5
01/06/2014,June,2014,fish tweed,1.4
01/06/2014,June,2014,weaver fish,0.8
01/06/2014,June,2014,peterhead fish market,0.8
01/06/2014,June,2014,regal fish,0.8
01/06/2014,June,2014,go fish rules,0.6
01/06/2014,June,2014,fish mooney,0.6
01/06/2014,June,2014,rainbow fish,0.6
01/06/2014,June,2014,fish pal,0.6
01/06/2014,June,2014,sun fish,0.5
01/06/2014,June,2014,fish tacos,0.5
01/06/2014,June,2014,panga fish,0.5
01/06/2014,June,2014,freedating,0.5
01/06/2014,June,2014,cartoon fish,0.4
01/06/2014,June,2014,fish template,0.4
01/06/2014,June,2014,basa fish,0.4
01/06/2014,June,2014,thai fish curry,0.4
01/07/2014,July,2014,banshee little fish,40
01/07/2014,July,2014,black swallower fish,24.5
01/07/2014,July,2014,fish o mania,5.5
01/07/2014,July,2014,small tropical fish,3
01/07/2014,July,2014,fish odour syndrome,2
01/07/2014,July,2014,fish puns,1.6
01/07/2014,July,2014,weever fish,1.5
01/07/2014,July,2014,weaver fish,1.4
01/07/2014,July,2014,fish & chips,0.9
01/07/2014,July,2014,1 pound fish,0.9
01/07/2014,July,2014,jelly fish,0.8
01/07/2014,July,2014,one pound fish,0.7
01/07/2014,July,2014,pink fish media,0.7
01/07/2014,July,2014,reel big fish,0.6
01/07/2014,July,2014,peterhead fish market,0.6
01/07/2014,July,2014,zoosk,0.6
01/07/2014,July,2014,japanese fighting fish,0.5
01/07/2014,July,2014,betta fish,0.4
01/08/2014,Aug,2014,fish plays pokemon,Breakout
01/08/2014,Aug,2014,goliath grouper fish,Breakout
01/08/2014,Aug,2014,giant grouper fish,Breakout
01/08/2014,Aug,2014,fish playing pokemon,44.5
01/08/2014,Aug,2014,sainsburys twitter fish,34.5
01/08/2014,Aug,2014,grouper fish,28.5
01/08/2014,Aug,2014,eel like fish,12
01/08/2014,Aug,2014,food fish crossword,8
01/08/2014,Aug,2014,phil fish twitter,4.5
01/08/2014,Aug,2014,dab fish,3
01/08/2014,Aug,2014,phil fish,2.5
01/08/2014,Aug,2014,newlyn fish festival,2.5
01/08/2014,Aug,2014,fish tay,2
01/08/2014,Aug,2014,fish borough market,1.6
01/08/2014,Aug,2014,fish tank game,1.6
01/08/2014,Aug,2014,temperate fish,1.2
01/08/2014,Aug,2014,fighter fish,1.1
01/08/2014,Aug,2014,fish chowder,0.8
01/08/2014,Aug,2014,fish tweed,0.8
01/08/2014,Aug,2014,maidenhead aquatics,0.7
01/08/2014,Aug,2014,fish plait,0.7
01/08/2014,Aug,2014,tropical fish tanks,0.7
01/08/2014,Aug,2014,big fish casino,0.7
01/08/2014,Aug,2014,discus fish,0.5
01/08/2014,Aug,2014,fish soup,0.5
01/09/2014,Sep,2014,janet fish,45
01/09/2014,Sep,2014,mola mola fish,6
01/09/2014,Sep,2014,fish mooney,5
01/09/2014,Sep,2014,fish goujons,3
01/09/2014,Sep,2014,cardboard fish,1.9
01/09/2014,Sep,2014,barreleye fish,1.9
01/09/2014,Sep,2014,spiny fish,1.7
01/09/2014,Sep,2014,the rainbow fish,1.4
01/09/2014,Sep,2014,fish outline,1.4
01/09/2014,Sep,2014,fish stew recipe,1.3
01/09/2014,Sep,2014,fish finger sandwich,1.3
01/09/2014,Sep,2014,oscar fish,1.3
01/09/2014,Sep,2014,rainbow fish,0.9
01/09/2014,Sep,2014,newquay fish festival,0.8
01/09/2014,Sep,2014,big fish casino,0.7
01/09/2014,Sep,2014,goan fish curry,0.7
01/09/2014,Sep,2014,wolf fish,0.7
01/09/2014,Sep,2014,pleco fish,0.6
01/09/2014,Sep,2014,oasis dating,0.6
01/09/2014,Sep,2014,fish dishes,0.6
01/09/2014,Sep,2014,fish tycoon,0.6
01/09/2014,Sep,2014,blob fish,0.5
01/09/2014,Sep,2014,lion fish,0.5
01/09/2014,Sep,2014,gandolfi fish,0.4
01/10/2014,Oct,2014,lumpsucker fish,50
01/10/2014,Oct,2014,gotham fish,12
01/10/2014,Oct,2014,fish mooney,5.5
01/10/2014,Oct,2014,coley fish,2.5
01/10/2014,Oct,2014,fish tay,1.7
01/10/2014,Oct,2014,fish tweed,1.3
01/10/2014,Oct,2014,research fish,1
01/10/2014,Oct,2014,regal fish,0.8
01/10/2014,Oct,2014,oily fish,0.7
01/10/2014,Oct,2014,robo fish,0.6
01/10/2014,Oct,2014,fish tyne,0.5
01/10/2014,Oct,2014,blob fish,0.5
01/10/2014,Oct,2014,ice jj fish,0.4
01/10/2014,Oct,2014,match.com login,0.4
01/11/2014,Nov,2014,demon fish,5.5
01/11/2014,Nov,2014,bloody eel fish,5
01/11/2014,Nov,2014,billingsgate market,3.5
01/11/2014,Nov,2014,weird fish sale,3
01/11/2014,Nov,2014,japanese puffer fish,3
01/11/2014,Nov,2014,cardboard fish,2.5
01/11/2014,Nov,2014,robo fish argos,2
01/11/2014,Nov,2014,plentyof fish,1.6
01/11/2014,Nov,2014,research fish,1.3
01/11/2014,Nov,2014,free dating sites,1.2
01/11/2014,Nov,2014,keralan fish curry,1.1
01/11/2014,Nov,2014,billingsgate fish market,1.1
01/11/2014,Nov,2014,robo fish,0.8
01/11/2014,Nov,2014,fish oil supplements,0.8
01/11/2014,Nov,2014,fish society,0.8
01/11/2014,Nov,2014,snap fish,0.7
01/11/2014,Nov,2014,pink fish media,0.7
01/11/2014,Nov,2014,robot fish,0.6
01/11/2014,Nov,2014,can fish drown,0.6
01/11/2014,Nov,2014,battered fish,0.6
01/11/2014,Nov,2014,marine fish tanks,0.6
01/11/2014,Nov,2014,janet fish,0.6
01/11/2014,Nov,2014,biorb fish tank,0.6
01/11/2014,Nov,2014,black fish,0.5
01/11/2014,Nov,2014,weird fish,0.4
01/12/2014,Dec,2014,maturefreeandsingle login,9
01/12/2014,Dec,2014,luxury fish pie,1.6
01/12/2014,Dec,2014,tropical fish species,1.5
01/12/2014,Dec,2014,weird fish clothing,1.5
01/12/2014,Dec,2014,study of fish,1.4
01/12/2014,Dec,2014,biorb fish tank,1.2
01/12/2014,Dec,2014,ice jj fish,1
01/12/2014,Dec,2014,go fish rules,0.9
01/12/2014,Dec,2014,do fish sleep,0.8
01/12/2014,Dec,2014,demon fish,0.7
01/12/2014,Dec,2014,reel big fish,0.6
01/12/2014,Dec,2014,plentyof fish,0.6
01/12/2014,Dec,2014,freshwater fish,0.6
01/12/2014,Dec,2014,bass fish,0.5
01/12/2014,Dec,2014,ugly fish,0.4
01/12/2014,Dec,2014,gefilte fish,0.4
01/12/2014,Dec,2014,fish kettle,0.4
01/01/2015,Jan,2015,thick lipped fish,Breakout
01/01/2015,Jan,2015,saucy fish company,6
01/01/2015,Jan,2015,fish finger pie,5
01/01/2015,Jan,2015,tuna fish cakes,2
01/01/2015,Jan,2015,sainsburys recipes,1.8
01/01/2015,Jan,2015,healthy fish recipes,1.8
01/01/2015,Jan,2015,oak fish tank,1.7
01/01/2015,Jan,2015,fish tay,1.7
01/01/2015,Jan,2015,simple fish pie,1.5
01/01/2015,Jan,2015,white fish recipes,1.3
01/01/2015,Jan,2015,fish 4 jobs,1.3
01/01/2015,Jan,2015,mexican walking fish,1.2
01/01/2015,Jan,2015,fish template,1.1
01/01/2015,Jan,2015,fish goujons,1
01/01/2015,Jan,2015,big fish movie,1
01/01/2015,Jan,2015,koi fish tattoo,0.8
01/01/2015,Jan,2015,match.com,0.8
01/01/2015,Jan,2015,baked fish recipes,0.7
01/01/2015,Jan,2015,fish oil benefits,0.7
01/01/2015,Jan,2015,oily fish,0.7
01/01/2015,Jan,2015,goan fish curry,0.7
01/01/2015,Jan,2015,fish stew,0.7
01/01/2015,Jan,2015,parrot fish,0.7
01/01/2015,Jan,2015,fish pie recipes,0.6
01/01/2015,Jan,2015,fish fingers,0.6
01/02/2015,Feb,2015,fish tweed catches,19
01/02/2015,Feb,2015,helena bonham carter,15.5
01/02/2015,Feb,2015,fish tongue parasite,1.8
01/02/2015,Feb,2015,fish tweed,1.5
01/02/2015,Feb,2015,1 pound fish,1.4
01/02/2015,Feb,2015,cardboard fish,1.1
01/02/2015,Feb,2015,fish mooney,1
01/02/2015,Feb,2015,fish tacos,0.7
01/02/2015,Feb,2015,ugly fish,0.6
01/02/2015,Feb,2015,cartoon fish,0.6
01/02/2015,Feb,2015,guppy fish,0.6
01/02/2015,Feb,2015,peterhead fish landings,0.5
01/02/2015,Feb,2015,fish puns,0.5
01/02/2015,Feb,2015,fish insurance,0.4
01/02/2015,Feb,2015,plentyoffish,0.4
01/02/2015,Feb,2015,dory fish,0.4
01/03/2015,Mar,2015,fish annan,10
01/03/2015,Mar,2015,species of fish,8
01/03/2015,Mar,2015,mardy fish,4.5
01/03/2015,Mar,2015,skate fish,2
01/03/2015,Mar,2015,grouper fish,1.1
01/03/2015,Mar,2015,fish eagle,0.9
01/03/2015,Mar,2015,wierd fish,0.9
01/03/2015,Mar,2015,plentyof fish,0.8
01/03/2015,Mar,2015,jamies fish pie,0.8
01/03/2015,Mar,2015,types of fish,0.7
01/03/2015,Mar,2015,fish types,0.7
01/03/2015,Mar,2015,fish names,0.6
01/03/2015,Mar,2015,fish tay,0.6
01/03/2015,Mar,2015,flying fish,0.6
01/03/2015,Mar,2015,devil fish,0.5
01/03/2015,Mar,2015,fish oil supplements,0.5
01/03/2015,Mar,2015,danio fish,0.5
01/03/2015,Mar,2015,japanese fighting fish,0.5
01/03/2015,Mar,2015,blobfish,0.5
01/03/2015,Mar,2015,lets fish,0.4
01/03/2015,Mar,2015,pl,0.4
01/06/2015,June,2015,fish roe paste,Breakout
01/06/2015,June,2015,testicle eating fish,Breakout
01/06/2015,June,2015,pacu fish,2.5
01/06/2015,June,2015,fish template,1.2
01/06/2015,June,2015,anstruther fish bar,0.9
01/06/2015,June,2015,cuttle fish,0.8
01/06/2015,June,2015,jelly fish,0.7
01/06/2015,June,2015,the rainbow fish,0.6
01/06/2015,June,2015,angler fish,0.6
01/06/2015,June,2015,swedish fish,0.6
01/06/2015,June,2015,snap fish,0.4
01/07/2015,July,2015,sturgeon,6.5
01/07/2015,July,2015,sturgeon fish,6.5
01/07/2015,July,2015,can fish drown,6
01/07/2015,July,2015,fish o mania,6
01/07/2015,July,2015,razor fish,3.5
01/07/2015,July,2015,fish 4 dogs,2
01/07/2015,July,2015,weever fish,1.9
01/07/2015,July,2015,fish hotel broadway,1.8
01/07/2015,July,2015,naughty fish dating,1.1
01/07/2015,July,2015,koi fish tattoo,1
01/07/2015,July,2015,dory fish,0.8
01/07/2015,July,2015,albert fish,0.6
01/07/2015,July,2015,fish slice,0.5
01/07/2015,July,2015,monk fish,0.5
01/07/2015,July,2015,freshwater fish,0.5
01/07/2015,July,2015,go fish rules,0.5
01/07/2015,July,2015,fish dee,0.5
01/07/2015,July,2015,oily fish,0.4
01/07/2015,July,2015,siamese fighting fish,0.4
01/07/2015,July,2015,fish pal,0.4
01/08/2015,Aug,2015,porgy fish,Breakout
01/08/2015,Aug,2015,fish mooney,17
01/08/2015,Aug,2015,mardy fish,3
01/08/2015,Aug,2015,newlyn fish festival,2.5
01/08/2015,Aug,2015,japanese fighting fish,1.9
01/08/2015,Aug,2015,gefilte fish,1.6
01/08/2015,Aug,2015,cardboard fish,1.4
01/08/2015,Aug,2015,fish chowder,1.4
01/08/2015,Aug,2015,match,0.9
01/08/2015,Aug,2015,guppy fish,0.8
01/08/2015,Aug,2015,pike fish,0.8
01/08/2015,Aug,2015,regal fish,0.6
01/08/2015,Aug,2015,weaver fish,0.6
01/08/2015,Aug,2015,thai fish cakes,0.5
01/08/2015,Aug,2015,weever fish,0.4
01/08/2015,Aug,2015,fish puns,0.4
01/08/2015,Aug,2015,siamese fighting fish,0.4
01/09/2015,Sep,2015,lamprey fish,4.5
01/09/2015,Sep,2015,newquay fish festival,2
01/09/2015,Sep,2015,sexy fish,1.7
01/09/2015,Sep,2015,tuna fish cakes,1.3
01/09/2015,Sep,2015,fish tacos,1.1
01/09/2015,Sep,2015,wolf fish,1.1
01/09/2015,Sep,2015,jordan fish,1
01/09/2015,Sep,2015,fish pie sauce,1
01/09/2015,Sep,2015,fish template,0.9
01/09/2015,Sep,2015,brill fish,0.9
01/09/2015,Sep,2015,robo fish,0.9
01/09/2015,Sep,2015,rainbow fish,0.8
01/09/2015,Sep,2015,fish 4 jobs,0.7
01/09/2015,Sep,2015,fish for jobs,0.7
01/09/2015,Sep,2015,scorpion fish,0.6
01/09/2015,Sep,2015,fish tay,0.6
01/09/2015,Sep,2015,japanese fighting fish,0.5
01/09/2015,Sep,2015,silver dollar fish,0.5
01/09/2015,Sep,2015,fish finger,0.5
01/09/2015,Sep,2015,tuna fish,0.4
01/09/2015,Sep,2015,betta fish,0.4
01/09/2015,Sep,2015,cartoon fish,0.4
01/10/2015,Oct,2015,sexy fish restaurant,13
01/10/2015,Oct,2015,sexy fish menu,11.5
01/10/2015,Oct,2015,sexy fish london,8
01/10/2015,Oct,2015,sexy fish,4
01/10/2015,Oct,2015,fish gape,3
01/10/2015,Oct,2015,longsands fish kitchen,2.5
01/10/2015,Oct,2015,bratz fish tank,2.5
01/10/2015,Oct,2015,mackerel fish cakes,2
01/10/2015,Oct,2015,kettle of fish,2
01/10/2015,Oct,2015,hifi subjectivist,1.6
01/10/2015,Oct,2015,tilapia fish,1.4
01/10/2015,Oct,2015,whiting fish,1
01/10/2015,Oct,2015,billingsgate fish market,0.9
01/10/2015,Oct,2015,plentyoffish,0.8
01/10/2015,Oct,2015,reel big fish,0.8
01/10/2015,Oct,2015,fish finger sandwich,0.6
01/10/2015,Oct,2015,fish batter,0.6
01/10/2015,Oct,2015,albert fish,0.6
01/10/2015,Oct,2015,fish puns,0.6
01/10/2015,Oct,2015,cray fish,0.6
01/10/2015,Oct,2015,michael fish,0.5
01/10/2015,Oct,2015,parrot fish,0.5
01/10/2015,Oct,2015,fish market london,0.5
01/10/2015,Oct,2015,thai fish cakes,0.5
01/10/2015,Oct,2015,fish curry recipe,0.5
01/11/2015,Nov,2015,dorado fish,5.5
01/11/2015,Nov,2015,sexy fish restaurant,1.2
01/11/2015,Nov,2015,angler fish,1.1
01/11/2015,Nov,2015,snap fish,0.9
01/11/2015,Nov,2015,sexy fish menu,0.8
01/11/2015,Nov,2015,sheepshead fish,0.8
01/11/2015,Nov,2015,tiger fish,0.8
01/11/2015,Nov,2015,names of fish,0.8
01/11/2015,Nov,2015,lantern fish,0.7
01/11/2015,Nov,2015,can fish drown,0.7
01/11/2015,Nov,2015,wierd fish,0.6
01/11/2015,Nov,2015,robo fish,0.6
01/11/2015,Nov,2015,fish roe,0.6
01/11/2015,Nov,2015,monk fish,0.6
01/11/2015,Nov,2015,fish goujons,0.5
01/11/2015,Nov,2015,pleco fish,0.5
01/11/2015,Nov,2015,weird fish,0.5
01/11/2015,Nov,2015,kettle of fish,0.4
01/11/2015,Nov,2015,lion fish,0.4
01/11/2015,Nov,2015,fourteen fish,0.4
01/12/2015,Dec,2015,gay fish,11.5
01/12/2015,Dec,2015,big fish movie,2.5
01/12/2015,Dec,2015,plenty.of fish,1.6
01/12/2015,Dec,2015,go fish rules,1.3
01/12/2015,Dec,2015,raining fish,1.1
01/12/2015,Dec,2015,fish marillion,1.1
01/12/2015,Dec,2015,fish n chicken,1.1
01/12/2015,Dec,2015,fish starters,1.1
01/12/2015,Dec,2015,cardboard fish,0.8
01/12/2015,Dec,2015,gorgie fish bar,0.8
01/12/2015,Dec,2015,plentyof fish,0.8
01/12/2015,Dec,2015,catfish,0.6
01/12/2015,Dec,2015,guppy fish,0.6
01/12/2015,Dec,2015,bratz fish tank,0.6
01/12/2015,Dec,2015,fish soup recipes,0.5
01/12/2015,Dec,2015,pangasius fish,0.5
01/12/2015,Dec,2015,fish market london,0.5
01/12/2015,Dec,2015,one pound fish,0.4
01/12/2015,Dec,2015,rumbles fish bar,0.4
01/12/2015,Dec,2015,fish called wanda,0.4
01/12/2015,Dec,2015,do fish sleep,0.4
01/01/2016,Jan,2016,healthy fish pie,2.5
01/01/2016,Jan,2016,can fish drown,2.5
01/01/2016,Jan,2016,tuna fish cakes,2
01/01/2016,Jan,2016,fermented fish,1.7
01/01/2016,Jan,2016,goan fish curry,1.4
01/01/2016,Jan,2016,fish risotto,1.4
01/01/2016,Jan,2016,research fish,1.3
01/01/2016,Jan,2016,basa fish,1.3
01/01/2016,Jan,2016,fish tacos,1.3
01/01/2016,Jan,2016,fish tay,1.3
01/01/2016,Jan,2016,easy fish recipes,1
01/01/2016,Jan,2016,white fish recipes,1
01/01/2016,Jan,2016,cuttle fish,0.9
01/01/2016,Jan,2016,brill fish,0.9
01/01/2016,Jan,2016,easy fish pie,0.9
01/01/2016,Jan,2016,tuna fish,0.8
01/01/2016,Jan,2016,fish 4 jobs,0.8
01/01/2016,Jan,2016,marlin fish,0.7
01/01/2016,Jan,2016,fish pie recipe,0.7
01/01/2016,Jan,2016,fish eggs,0.7
01/01/2016,Jan,2016,fish chowder,0.7
01/01/2016,Jan,2016,big fish cast,0.7
01/01/2016,Jan,2016,salmon fish cakes,0.6
01/01/2016,Jan,2016,fish mooney,0.6
01/01/2016,Jan,2016,fish cakes,0.6
01/02/2016,Feb,2016,mola mola fish,Breakout
01/02/2016,Feb,2016,testicle eating fish,Breakout
01/02/2016,Feb,2016,small marine fish,3.5
01/02/2016,Feb,2016,pacu fish,2.5
01/02/2016,Feb,2016,luxury fish pie,2
01/02/2016,Feb,2016,fish with legs,2
01/02/2016,Feb,2016,bat fish,2
01/02/2016,Feb,2016,anstruther fish bar,1.6
01/02/2016,Feb,2016,fish brothers swindon,1.5
01/02/2016,Feb,2016,fish tweed,1.2
01/02/2016,Feb,2016,research fish,1.1
01/02/2016,Feb,2016,snakehead fish,1
01/02/2016,Feb,2016,yellow fish transfers,0.8
01/02/2016,Feb,2016,fish dee,0.8
01/02/2016,Feb,2016,weird fish clothing,0.8
01/02/2016,Feb,2016,fish pie delia,0.7
01/02/2016,Feb,2016,gefilte fish,0.6
01/02/2016,Feb,2016,salmon recipe,0.6
01/02/2016,Feb,2016,wolf fish,0.6
01/02/2016,Feb,2016,fish farming,0.6
01/02/2016,Feb,2016,rhiannon fish,0.6
01/02/2016,Feb,2016,coldwater fish,0.6
01/02/2016,Feb,2016,dory fish,0.5
01/02/2016,Feb,2016,pink fish media,0.5
01/02/2016,Feb,2016,fish 4 dogs,0.5
01/03/2016,Mar,2016,monkey puzzle tree,Breakout
01/03/2016,Mar,2016,good friday fish,34
01/03/2016,Mar,2016,estrange crossword clue,24.5
01/03/2016,Mar,2016,stardew valley fish,22.5
01/03/2016,Mar,2016,razor fish,4
01/03/2016,Mar,2016,fenham fish bar,2.5
01/03/2016,Mar,2016,fish odour syndrome,1.7
01/03/2016,Mar,2016,rhiannon fish,1.6
01/03/2016,Mar,2016,longsands fish kitchen,1.4
01/03/2016,Mar,2016,pike fish,1
01/03/2016,Mar,2016,thai fish curry,1
01/03/2016,Mar,2016,fish tay,1
01/03/2016,Mar,2016,wierd fish,0.9
01/03/2016,Mar,2016,beer battered fish,0.8
01/03/2016,Mar,2016,fish spy,0.7
01/03/2016,Mar,2016,cardboard fish,0.6
01/03/2016,Mar,2016,keralan fish curry,0.6
01/03/2016,Mar,2016,go fish rules,0.5
01/03/2016,Mar,2016,snapper fish,0.5
01/03/2016,Mar,2016,one pound fish,0.5
01/03/2016,Mar,2016,sucker fish,0.5
01/03/2016,Mar,2016,platy fish,0.5
01/03/2016,Mar,2016,escovitch fish,0.5
01/03/2016,Mar,2016,fish brothers swindon,0.4
01/04/2016,Apr,2016,atlantic game fish,Breakout
01/04/2016,Apr,2016,silk stockings,Breakout
01/04/2016,Apr,2016,the 100 cast,47
01/04/2016,Apr,2016,ontari the 100,40
01/04/2016,Apr,2016,gefilte fish,3.5
01/04/2016,Apr,2016,mola mola fish,3
01/04/2016,Apr,2016,rhiannon fish,3
01/04/2016,Apr,2016,fugu fish,1.5
01/04/2016,Apr,2016,fish for thought,1.4
01/04/2016,Apr,2016,sexy fish reservations,1.3
01/04/2016,Apr,2016,marlin fish,1.1
01/04/2016,Apr,2016,tiger fish,0.9
01/04/2016,Apr,2016,puffer fish,0.8
01/04/2016,Apr,2016,blow fish,0.8
01/04/2016,Apr,2016,do fish sleep,0.8
01/04/2016,Apr,2016,regal fish,0.7
01/04/2016,Apr,2016,fish pedicure,0.7
01/04/2016,Apr,2016,fish pie ingredients,0.7
01/04/2016,Apr,2016,stone fish,0.6
01/04/2016,Apr,2016,michael fish,0.6
01/04/2016,Apr,2016,monk fish,0.6
01/04/2016,Apr,2016,fish tay catches,0.6
01/04/2016,Apr,2016,gourami fish,0.5
01/04/2016,Apr,2016,turbot fish,0.5
01/04/2016,Apr,2016,deeper fish finder,0.5
01/05/2016,May,2016,upright fish,10.5
01/05/2016,May,2016,big fish man,4.5
01/05/2016,May,2016,weever fish,4.5
01/05/2016,May,2016,bbq fish,1.8
01/05/2016,May,2016,babel fish,1.2
01/05/2016,May,2016,peterhead fish market,1.1
01/05/2016,May,2016,fish marillion,1.1
01/05/2016,May,2016,fish mooney,1
01/05/2016,May,2016,rock fish,0.8
01/05/2016,May,2016,jelly fish,0.7
01/05/2016,May,2016,monk fish,0.6
01/05/2016,May,2016,fish tay catches,0.4
01/05/2016,May,2016,pike fish,0.4
01/05/2016,May,2016,fish for dogs,0.4
01/06/2016,June,2016,fish inside jellyfish,Breakout
01/06/2016,June,2016,simple operatic aria,50
01/06/2016,June,2016,homemade fish fingers,2
01/06/2016,June,2016,dory fish,2
01/06/2016,June,2016,wierd fish,1.8
01/06/2016,June,2016,grouper fish,0.9
01/06/2016,June,2016,fish jokes,0.8
01/06/2016,June,2016,go fish rules,0.7
01/06/2016,June,2016,halal fish,0.6
01/06/2016,June,2016,pollock fish,0.6
01/06/2016,June,2016,pike fish,0.5
01/06/2016,June,2016,do fish sleep,0.5
01/06/2016,June,2016,fish template,0.5
01/06/2016,June,2016,can fish drown,0.5
01/06/2016,June,2016,is fish meat,0.4
01/06/2016,June,2016,marlin fish,0.4
01/06/2016,June,2016,swanage fish festival,0.4
01/06/2016,June,2016,rock fish,0.4
01/06/2016,June,2016,baby dory fish,0.4
01/07/2016,July,2016,large asian fish,Breakout
01/07/2016,July,2016,nice fish tickets,44
01/07/2016,July,2016,harold pinter theatre,37
01/07/2016,July,2016,fish pokemon,7.5
01/07/2016,July,2016,fish bra,5
01/07/2016,July,2016,nice fish,2
01/07/2016,July,2016,anstruther fish bar,1.9
01/07/2016,July,2016,fish o mania,1.9
01/07/2016,July,2016,billingsgate fish market,1
01/07/2016,July,2016,ugly fish,0.9
01/07/2016,July,2016,kettle of fish,0.9
01/07/2016,July,2016,john dory fish,0.7
01/07/2016,July,2016,jelly fish sting,0.7
01/07/2016,July,2016,automatic fish feeder,0.7
01/07/2016,July,2016,go fish,0.6
01/07/2016,July,2016,mackerel fish,0.6
01/07/2016,July,2016,ice jj fish,0.6
01/07/2016,July,2016,weaver fish,0.5
01/07/2016,July,2016,fish curry recipe,0.5
01/07/2016,July,2016,georges fish bar,0.5
01/07/2016,July,2016,maidenhead aquatics,0.5
01/07/2016,July,2016,weever fish,0.5
01/07/2016,July,2016,babel fish,0.5
01/07/2016,July,2016,bbq fish,0.4
01/07/2016,July,2016,bream fish,0.4
01/08/2016,Aug,2016,large asian fish,Breakout
01/08/2016,Aug,2016,nice fish tickets,44
01/08/2016,Aug,2016,harold pinter theatre,37
01/08/2016,Aug,2016,fish pokemon,7.5
01/08/2016,Aug,2016,fish bra,5
01/08/2016,Aug,2016,nice fish,2
01/08/2016,Aug,2016,anstruther fish bar,1.9
01/08/2016,Aug,2016,fish o mania,1.9
01/08/2016,Aug,2016,billingsgate fish market,1
01/08/2016,Aug,2016,ugly fish,0.9
01/08/2016,Aug,2016,kettle of fish,0.9
01/08/2016,Aug,2016,john dory fish,0.7
01/08/2016,Aug,2016,jelly fish sting,0.7
01/08/2016,Aug,2016,automatic fish feeder,0.7
01/08/2016,Aug,2016,go fish,0.6
01/08/2016,Aug,2016,mackerel fish,0.6
01/08/2016,Aug,2016,ice jj fish,0.6
01/08/2016,Aug,2016,weaver fish,0.5
01/08/2016,Aug,2016,fish curry recipe,0.5
01/08/2016,Aug,2016,georges fish bar,0.5
01/08/2016,Aug,2016,maidenhead aquatics,0.5
01/08/2016,Aug,2016,weever fish,0.5
01/08/2016,Aug,2016,babel fish,0.5
01/08/2016,Aug,2016,bbq fish,0.4
01/08/2016,Aug,2016,bream fish,0.4
01/09/2016,Sep,2016,pacu fish,8
01/09/2016,Sep,2016,newlyn fish festival,4.5
01/09/2016,Sep,2016,robo fish,1.5
01/09/2016,Sep,2016,fish called wanda,1.3
01/09/2016,Sep,2016,scorpion fish,1.2
01/09/2016,Sep,2016,fish mooney,1
01/09/2016,Sep,2016,swedish fish,1
01/09/2016,Sep,2016,mahi mahi fish,1
01/09/2016,Sep,2016,weaver fish,1
01/09/2016,Sep,2016,is fish meat,1
01/09/2016,Sep,2016,fish market london,0.9
01/09/2016,Sep,2016,albert fish,0.8
01/09/2016,Sep,2016,weever fish,0.7
01/09/2016,Sep,2016,fish puns,0.6
01/09/2016,Sep,2016,tropical fish tanks,0.6
01/09/2016,Sep,2016,pink fish media,0.5
01/09/2016,Sep,2016,sun fish,0.5
01/09/2016,Sep,2016,salmon fish cakes,0.4
01/09/2016,Sep,2016,weird fish sale,0.4
01/09/2016,Sep,2016,fish tank ornaments,0.4
01/10/2016,Oct,2016,barbara dickson,Breakout
01/10/2016,Oct,2016,fish singer,8.5
01/10/2016,Oct,2016,fish marillion,6.5
01/10/2016,Oct,2016,tooth fish,2.5
01/10/2016,Oct,2016,simple fish pie,2.5
01/10/2016,Oct,2016,abyssrium hidden fish,2
01/10/2016,Oct,2016,the rainbow fish,2
01/10/2016,Oct,2016,fish for thought,1.6
01/10/2016,Oct,2016,fighter fish,1.4
01/10/2016,Oct,2016,sexy fish restaurant,1.2
01/10/2016,Oct,2016,fish outline,1.1
01/10/2016,Oct,2016,cartoon fish,1.1
01/10/2016,Oct,2016,hawkhurst fish farm,1
01/10/2016,Oct,2016,fish dishes,0.9
01/10/2016,Oct,2016,fish borough market,0.8
01/10/2016,Oct,2016,fish tweed,0.8
01/10/2016,Oct,2016,fish brothers,0.8
01/10/2016,Oct,2016,snap fish,0.8
01/10/2016,Oct,2016,angelfish,0.7
01/10/2016,Oct,2016,keralan fish curry,0.7
01/10/2016,Oct,2016,blob fish,0.7
01/10/2016,Oct,2016,grimsby fish market,0.7
01/10/2016,Oct,2016,fish template,0.7
01/10/2016,Oct,2016,rainbow fish,0.7
01/10/2016,Oct,2016,sexy fish london,0.6
01/11/2016,Nov,2016,hag fish,21.5
01/11/2016,Nov,2016,russian fish pie,19.5
01/11/2016,Nov,2016,fat fish tackle,6.5
01/11/2016,Nov,2016,grouper fish,3.5
01/11/2016,Nov,2016,fish net tights,3
01/11/2016,Nov,2016,octopus,2.5
01/11/2016,Nov,2016,michael fish hurricane,1.5
01/11/2016,Nov,2016,fourteen fish,1.1
01/11/2016,Nov,2016,plentyof fish,1
01/11/2016,Nov,2016,dotty fish,0.9
01/11/2016,Nov,2016,coley fish,0.8
01/11/2016,Nov,2016,pleco fish,0.8
01/11/2016,Nov,2016,fish pal,0.7
01/11/2016,Nov,2016,fish chowder,0.6
01/11/2016,Nov,2016,weever fish,0.5
01/11/2016,Nov,2016,parrot fish,0.5
01/11/2016,Nov,2016,fish tanks uk,0.5
01/11/2016,Nov,2016,fish pie mix,0.5
01/11/2016,Nov,2016,reel big fish,0.5
01/11/2016,Nov,2016,can fish drown,0.5
01/11/2016,Nov,2016,wierd fish,0.5
01/11/2016,Nov,2016,fish pie jamie,0.4
01/11/2016,Nov,2016,fish soup,0.4
01/11/2016,Nov,2016,gefilte fish,0.4
01/12/2016,Dec,2016,nice fish review,3.5
01/12/2016,Dec,2016,nice fish tickets,2.5
01/12/2016,Dec,2016,nice fish,1.6
01/12/2016,Dec,2016,snap fish,0.9
01/12/2016,Dec,2016,the rainbow fish,0.9
01/12/2016,Dec,2016,babel fish,0.8
01/12/2016,Dec,2016,billingsgate fish market,0.7
01/12/2016,Dec,2016,fish tacos,0.7
01/12/2016,Dec,2016,weird fish,0.6
01/12/2016,Dec,2016,japanese fighting fish,0.6
01/12/2016,Dec,2016,regal fish,0.6
01/12/2016,Dec,2016,cartoon fish,0.6
01/12/2016,Dec,2016,one pound fish,0.6
01/12/2016,Dec,2016,basa fish,0.5
01/12/2016,Dec,2016,dory fish,0.4